comp,time,gpu_util,cpu_util,gpu_mem,main_mem
DATA,20.50283670425415,0.05,0.03,0.44299999999999995,0.772
