comp,time,gpu_util,cpu_util,gpu_mem,main_mem
DATA,20.366498947143555,0.04,0.03,0.391,0.7929999999999999
